-- this extension allows for uuids to be generated when rows are inserted into a table
CREATE EXTENSION IF NOT EXISTS "uuid-ossp";

CREATE TABLE Card(
    cardNumber varchar(12) PRIMARY KEY,
    pin integer NOT NULL,
    issueDate date
);

CREATE TABLE Genre(
	genreCode varchar(3) PRIMARY KEY,
	type text
);

CREATE TABLE Cardholder(
    cardHolderID UUID DEFAULT uuid_generate_v4() PRIMARY KEY,
    name text,
    age integer,
    cardNumber varchar(12),
    FOREIGN KEY(cardNumber) REFERENCES Card(cardNumber) ON DELETE CASCADE
);

CREATE TABLE Book( 
    bookID UUID DEFAULT uuid_generate_v4() PRIMARY KEY,
    title text, 
    checkOutDate date,
    dueDate date,
    format varchar(50),
    isAdult boolean,
    readLevel varchar(2),
	author text,
	ISBN varchar(17),
    checkedOutBy varchar(12),
    genreCode varchar(3),
    FOREIGN KEY(checkedOutBy) REFERENCES Card(cardNumber) ON DELETE CASCADE,
    FOREIGN KEY(genreCode) REFERENCES Genre
);

CREATE TABLE Movie( 
    movieID UUID DEFAULT uuid_generate_v4() PRIMARY KEY,
    title text,  
    checkOutDate date,
    dueDate date,
    format varchar(50),
    isAdult boolean,
    year integer,
    rating varchar(9),
    checkedOutBy varchar(12),
    genreCode varchar(3),
    FOREIGN KEY(checkedOutBy) REFERENCES Card(cardNumber) ON DELETE CASCADE,
    FOREIGN KEY(genreCode) REFERENCES Genre
);

--insert statements
INSERT INTO Card(cardNumber, pin, issueDate)
 VALUES
('299045933849', 8538, '2020-10-01'),
('110382212241', 7551, '2020-10-01'),
('994373155987', 1314, '2020-10-01'),
('368975792811', 2289, '2020-10-01'),
('286743336269', 2073, '2020-10-01'),
('771778925963', 2821, '2020-10-01'),
('812958120357', 3991, '2020-10-01'),
('353889623571', 4817, '2020-10-01'),
('160316518797', 6757, '2020-10-02'),
('486437364595', 9077, '2020-10-02'),
('566257542721', 9974, '2020-10-02'),
('762578252335', 7595, '2020-10-02'),
('752387612667', 6400, '2020-10-02'),
('149322864602', 6284, '2020-10-03'),
('260344226465', 4616, '2020-10-03'),
('574694081039', 7436, '2020-10-03'),
('923876375725', 2278, '2020-10-03'),
('294051144258', 2057, '2020-10-03'),
('195290944622', 3735, '2020-10-03'),
('724098502382', 3440, '2020-10-03'),
('512788314000', 2179, '2020-10-05'),
('271663253611', 5258, '2020-10-05'),
('764599915380', 9450, '2020-10-06'),
('663985373059', 1760, '2020-10-06'),
('279893236088', 5351, '2020-10-06'),
('111716443036', 2972, '2020-10-06'),
('515961176864', 9816, '2020-10-06'),
('567079489285', 7534, '2020-10-07'),
('364679918460', 1454, '2020-10-07'),
('145388045885', 5511, '2020-10-07'),
('235850484904', 8510, '2020-10-07'),
('529722053648', 3354, '2020-10-07'),
('745479371791', 1990, '2020-10-09'),
('322607473387', 8731, '2020-10-09'),
('147262325924', 9772, '2020-10-09'),
('501558874620', 5040, '2020-10-09'),
('924918549341', 7620, '2020-10-10'),
('218252010014', 1708, '2020-10-10'),
('505764121174', 5184, '2020-10-12'),
('840511653743', 7935, '2020-10-12'),
('926059285960', 7567, '2020-10-12'),
('274620608892', 5830, '2020-10-12'),
('318528146649', 6652, '2020-10-12'),
('802245904190', 3847, '2020-10-13'),
('134634083644', 7423, '2020-10-14'),
('223916955609', 3951, '2020-10-14'),
('850496078081', 4661, '2020-10-14'),
('434194677188', 1674, '2020-10-15'),
('342777204451', 6939, '2020-10-15'),
('241371158010', 7422, '2020-10-15');

INSERT INTO Genre(genreCode, type)
 VALUES
('000', 'Fantasy'),
('001', 'Adventure'),
('002', 'Romance'),
('003', 'Contemporary'),
('004', 'Dystopian'),
('005', 'Mystery'),
('006', 'Horror'),
('007', 'Thriller'),
('008', 'Paranormal'),
('009', 'Historical fiction'),
('010', 'Science Fiction'),
('011', 'Memoir'),
('012', 'Cooking'),
('013', 'Art'),
('014', 'Self-help / Personal'),
('015', 'Development'),
('016', 'Motivational'),
('017', 'Health'),
('018', 'History'),
('019', 'Travel'),
('020', 'Guide / How-to'),
('021', 'Families & Relationships'),
('022', 'Humor'),
('023', 'Children’s'),
('024', 'Non-fiction'),
('100', 'Action'),
('101', 'Adventure'),
('102', 'Animation'),
('103', 'Biography'),
('104', 'Comedy'),
('105', 'Crime'),
('106', 'Documentary'),
('107', 'Drama'),
('108', 'Family'),
('109', 'Fantasy'),
('110', 'Film Noir'),
('111', 'History'),
('112', 'Horror'),
('113', 'Music'),
('114', 'Musical'),
('115', 'Mystery'),
('116', 'Romance'),
('117', 'Sci-Fi'),
('118', 'Short'),
('119', 'Sport'),
('120', 'Superhero'),
('121', 'Thriller'),
('122', 'War'),
('123', 'Western');

INSERT INTO CardHolder(name, age, cardNumber)
 VALUES
('John Smith', 73, '299045933849'),
('Robert Johnson', 67, '110382212241'),
('Michael Williams', 15, '994373155987'),
('William Brown', 21, '368975792811'),
('Lisa Jones', 14, '286743336269'),
('Richard Miller', 10, '771778925963'),
('Courtney Davis', 21, '812958120357'),
('John Smith', 16, '353889623571'),
('Charles Rodriguez', 26, '160316518797'),
('Mark Wilson', 8, '486437364595'),
('Paulina Martinez', 20, '566257542721'),
('Lisa  Anderson', 50, '762578252335'),
('Monica Taylor', 10, '752387612667'),
('Kenneth Thomas', 23, '149322864602'),
('Joshua Hernandez', 18, '260344226465'),
('Kevin Moore', 16, '574694081039'),
('Brian Martin', 22, '923876375725'),
('George Jackson', 30, '294051144258'),
('Stephanie Turner', 15, '195290944622'),
('Ronald White', 19, '724098502382'),
('Timothy Lopez', 19, '512788314000'),
('Jason Lee', 25, '271663253611'),
('Jeffrey Gonzalez', 15, '764599915380'),
('Alex Harris', 8, '663985373059'),
('Lisa Clark', 28, '279893236088'),
('Jennifer Lewis', 20, '111716443036'),
('Linda Robinson', 30, '515961176864'),
('Elizabeth Walker', 29, '567079489285'),
('Barbara Perez', 6, '364679918460'),
('Susan Hall', 30, '145388045885'),
('John Young', 12, '235850484904'),
('Sarah Allen', 25, '529722053648'),
('Stephanie Turner', 9, '745479371791'),
('Nancy Wright', 23, '322607473387'),
('Lisa King', 24, '147262325924'),
('Margaret Scott', 30, '501558874620'),
('Sarah Allen', 21, '924918549341'),
('Sandra Baker', 29, '218252010014'),
('Ashley Adams', 19, '505764121174'),
('Dorothy Nelson', 6, '840511653743'),
('Kimberly Hill', 9, '926059285960'),
('Sarah Allen', 30, '274620608892'),
('John Campbell', 27, '318528146649'),
('Michelle Mitchell', 26, '802245904190'),
('Lisa Roberts', 89, '134634083644'),
('Amanda Carter', 12, '223916955609'),
('Eduardo Vidal', 24, '850496078081'),
('Deborah Evans', 25, '434194677188'),
('Stephanie Turner', 17, '342777204451'),
('John Smith', 5, '241371158010');

INSERT INTO Book(title, checkOutDate, dueDate, format, isAdult, readLevel, author, ISBN, checkedOutBy, genreCode)
 VALUES
('1984', NULL, NULL, 'Print', false, 'A', 'George Orwell', '978-0451524935', NULL, '004'),
('1984', NULL, NULL, 'Digital', false, 'A', 'George Orwell', '978-0451524935', NULL, '004'),
('1984', NULL, NULL, 'Audiobook', false, 'A', 'George Orwell', '978-0451524935', NULL, '004'),
('A Clash of Kings', NULL, NULL, 'Print', true, 'A', 'George R. R. Martin', '978-1984821157', NULL, '000'),
('A Clash of Kings', NULL, NULL, 'Digital', true, 'A', 'George R. R. Martin', '978-1984821157', NULL, '000'),
('A Dance with Dragons', NULL, NULL, 'Print', true, 'A', 'George R. R. Martin', '978-0553385953', NULL, '000'),
('A Dance with Dragons', NULL, NULL, 'Digital', true, 'A', 'George R. R. Martin', '978-0553385953', NULL, '000'),
('A Discovery of Witches', NULL, NULL, 'Print', false, 'YA', 'Deborah Harkness', '978-0755374045', NULL, '008'),
('A Discovery of Witches', NULL, NULL, 'Digital', false, 'YA', 'Deborah Harkness', '978-0755374045', NULL, '008'),
('A Feast of Crows', NULL, NULL, 'Print', true, 'A', 'George R. R. Martin', '978-0553801507', NULL, '000'),
('A Feast of Crows', NULL, NULL, 'Digital', true, 'A', 'George R. R. Martin', '978-0553801507', NULL, '000'),
('A Game of Thrones', NULL, NULL, 'Print', true, 'A', 'George R. R. Martin', '978-0553808049', NULL, '000'),
('A Game of Thrones', NULL, NULL, 'Digital', true, 'A', 'George R. R. Martin', '978-0553808049', NULL, '000'),
('A Storm of Swords', NULL, NULL, 'Print', true, 'A', 'George R. R. Martin', '978-0593158951', NULL, '000'),
('A Storm of Swords', NULL, NULL, 'Digital', true, 'A', 'George R. R. Martin', '978-0593158951', NULL, '000'),
('Alice''s Adevntures in Wonderlands Adevntures in Wonderland', NULL, NULL, 'Print', false, 'C', 'Lewis Carroll', '978-1420952520', NULL, '000'),
('Alice''s Adevntures in Wonderlands Adevntures in Wonderland', NULL, NULL, 'Digital', false, 'C', 'Lewis Carroll', '978-1420952520', NULL, '000'),
('Atonement', '2020-09-28', '2020-10-12', 'Print', true, 'A', 'Ian McEwan', '978-0385721790', '812958120357', '002'),
('Atonement', NULL, NULL, 'Digital', true, 'A', 'Ian McEwan', '978-0385721790', NULL, '002'),
('Because of Winn-Dixie', NULL, NULL, 'Print', false, 'C', 'Kate DiCamillo', '978-0763680862', NULL, '023'),
('Because of Winn-Dixie', NULL, NULL, 'Digital', false, 'C', 'Kate DiCamillo', '978-0763680862', NULL, '023'),
('Brave New World', NULL, NULL, 'Print', false, 'YA', 'Aldous Huxley', '978-0060850524', NULL, '004'),
('Brave New World', NULL, NULL, 'Audiobook', false, 'YA', 'Aldous Huxley', '978-0060850524', NULL, '004'),
('Brave New World', NULL, NULL, 'Digital', false, 'YA', 'Aldous Huxley', '978-0060850524', NULL, '004'),
('Carrying the Fire: An Astronaut''s Journeys Journey', NULL, NULL, 'Print', false, 'A', 'Michael Collins', '978-0374531942', NULL, '011'),
('Carrying the Fire: An Astronaut''s Journeys Journey', NULL, NULL, 'Audiobook', false, 'A', 'Michael Collins', '978-0374531942', NULL, '011'),
('Catching Fire', NULL, NULL, 'Print', false, 'YA', 'Suzanne Collins', '978-0545586177', NULL, '004'),
('Catching Fire', NULL, NULL, 'Digital', false, 'YA', 'Suzanne Collins', '978-0545586177', NULL, '004'),
('Catching Fire', NULL, NULL, 'Audiobook', false, 'YA', 'Suzanne Collins', '978-0545586177', NULL, '004'),
('Charlotte''s Webs Web', NULL, NULL, 'Digital', false, 'C', 'E. B. White', '978-0061124952', NULL, '023'),
('Charlotte''s Webs Web', NULL, NULL, 'Print', false, 'C', 'E. B. White', '978-0061124952', NULL, '023'),
('Divergent', NULL, NULL, 'Print', false, 'YA', 'Veronica Roth', '978-0007420421', NULL, '004'),
('Divergent', NULL, NULL, 'Digital', false, 'YA', 'Veronica Roth', '978-0007420421', NULL, '004'),
('Doctor De Soto', NULL, NULL, 'Print', false, 'C', 'William Steig ', '978-0312611897', NULL, '023'),
('Doctor De Soto', NULL, NULL, 'Digital', false, 'C', 'William Steig ', '978-0312611897', NULL, '023'),
('Dr Seuss''s Sleep Books Sleep Book', NULL, NULL, 'Print', false, 'C', 'Dr. Seuss', '978-0394800912', NULL, '023'),
('Dr Seuss''s Sleep Books Sleep Book', NULL, NULL, 'Digital', false, 'C', 'Dr. Seuss', '978-0394800912', NULL, '023'),
('Each Peach Pear Plum', NULL, NULL, 'Audiobook', false, 'C', 'Janet and Allan ahlberg', '978-0670882786', NULL, '023'),
('Each Peach Pear Plum', NULL, NULL, 'Print', false, 'C', 'Janet and Allan ahlberg', '978-0670882786', NULL, '023'),
('Emma', NULL, NULL, 'Print', false, 'A', 'Jane Austen', '978-0141439587', NULL, '002'),
('Emma', NULL, NULL, 'Digital', false, 'A', 'Jane Austen', '978-0141439587', NULL, '002'),
('Fahrenheit 451', NULL, NULL, 'Digital', false, 'A', 'Ray Bradbury', '978-1451673319', NULL, '004'),
('Fahrenheit 451', NULL, NULL, 'Print', false, 'A', 'Ray Bradbury', '978-1451673319', NULL, '004'),
('Fantastic Beasts and Where to Find Them', NULL, NULL, 'Print', false, 'YA', 'J. K. Rowling', '978-1338132311', NULL, '000'),
('Fantastic Beasts and Where to Find Them', NULL, NULL, 'Digital', false, 'YA', 'J. K. Rowling', '978-1338132311', NULL, '000'),
('Fantastic Beasts and Where to Find Them', NULL, NULL, 'Audiobook', false, 'YA', 'J. K. Rowling', '978-1338132311', NULL, '000'),
('Fifty Shades of Grey', '2020-10-12', '2020-10-26', 'Audiobook', true, 'A', 'E. L. James', '978-0099579939', '762578252335', '002'),
('Fifty Shades of Grey', NULL, NULL, 'Print', true, 'A', 'E. L. James', '978-0099579939', NULL, '002'),
('Flying to the Moon: An Astronaut''s Storys Story', NULL, NULL, 'Print', false, 'A', 'Michael Collins', '978-0374312022', NULL, '011'),
('Flying to the Moon: An Astronaut''s Storys Story', NULL, NULL, 'Audiobook', false, 'A', 'Michael Collins', '978-0374312022', NULL, '011'),
('Forever Young: A Life of Adventure in Air and Space', NULL, NULL, 'Print', false, 'A', 'John W. Young', '978-0813049335', NULL, '011'),
('Forever Young: A Life of Adventure in Air and Space', NULL, NULL, 'Digital', false, 'A', 'John W. Young', '978-0813049335', NULL, '011'),
('Forever Young: A Life of Adventure in Air and Space', NULL, NULL, 'Audiobook', false, 'A', 'John W. Young', '978-0813049335', NULL, '011'),
('Gathering Blue', NULL, NULL, 'Print', false, 'YA', 'Lois Lowry', '978-0547904146', NULL, '004'),
('Gathering Blue', NULL, NULL, 'Digital', false, 'YA', 'Lois Lowry', '978-0547904146', NULL, '004'),
('Gone Girl', '2020-9-28', '2020-10-12', 'Digital', true, 'A', 'Gillian Flynn ', '978-0307588371', '353889623571', '007'),
('Gone Girl', NULL, NULL, 'Print', true, 'A', 'Gillian Flynn ', '978-0307588371', NULL, '007'),
('Green Eggs and Ham', NULL, NULL, 'Print', false, 'C', 'Dr. Seuss', '978-0394800165', NULL, '023'),
('Green Eggs and Ham', NULL, NULL, 'Digital', false, 'C', 'Dr. Seuss', '978-0394800165', NULL, '023'),
('Harry Potter and the Chamber of Secrets', '2020-9-28', '2020-10-12', 'Digital', false, 'YA', 'J. K. Rowling', '978-0439064873', '566257542721', '000'),
('Harry Potter and the Chamber of Secrets', NULL, NULL, 'Audiobook', false, 'YA', 'J. K. Rowling', '978-0439064873', NULL, '000'),
('Harry Potter and the Chamber of Secrets', NULL, NULL, 'Print', false, 'YA', 'J. K. Rowling', '978-0439064873', NULL, '000'),
('Harry Potter and the Deathly Hallows', NULL, NULL, 'Print', false, 'YA', 'J. K. Rowling', '978-0545139700', NULL, '000'),
('Harry Potter and the Deathly Hallows', NULL, NULL, 'Digital', false, 'YA', 'J. K. Rowling', '978-0545139700', NULL, '000'),
('Harry Potter and the Deathly Hallows', NULL, NULL, 'Audiobook', false, 'YA', 'J. K. Rowling', '978-0545139700', NULL, '000'),
('Harry Potter and the Goblet of Fire', NULL, NULL, 'Print', false, 'YA', 'J. K. Rowling', '978-0439139601', NULL, '000'),
('Harry Potter and the Goblet of Fire', NULL, NULL, 'Digital', false, 'YA', 'J. K. Rowling', '978-0439139601', NULL, '000'),
('Harry Potter and the Goblet of Fire', NULL, NULL, 'Audiobook', false, 'YA', 'J. K. Rowling', '978-0439139601', NULL, '000'),
('Harry Potter and the Half-Blood Prince', NULL, NULL, 'Print', false, 'YA', 'J. K. Rowling', '978-0439784542', NULL, '000'),
('Harry Potter and the Half-Blood Prince', NULL, NULL, 'Digital', false, 'YA', 'J. K. Rowling', '978-0439784542', NULL, '000'),
('Harry Potter and the Half-Blood Prince', NULL, NULL, 'Audiobook', false, 'YA', 'J. K. Rowling', '978-0439784542', NULL, '000'),
('Harry Potter and the Order of the Phoenix', NULL, NULL, 'Print', false, 'YA', 'J. K. Rowling', '978-0545582971', NULL, '000'),
('Harry Potter and the Order of the Phoenix', NULL, NULL, 'Digital', false, 'YA', 'J. K. Rowling', '978-0545582971', NULL, '000'),
('Harry Potter and the Order of the Phoenix', NULL, NULL, 'Audiobook', false, 'YA', 'J. K. Rowling', '978-0545582971', NULL, '000'),
('Harry Potter and the Prisoner of Azkaban', '2020-9-28', '2020-10-12', 'Digital', false, 'YA', 'J. K. Rowling', '978-0545582933', '566257542721', '000'),
('Harry Potter and the Prisoner of Azkaban', NULL, NULL, 'Audiobook', false, 'YA', 'J. K. Rowling', '978-0545582933', NULL, '000'),
('Harry Potter and the Prisoner of Azkaban', NULL, NULL, 'Print', false, 'YA', 'J. K. Rowling', '978-0545582933', NULL, '000'),
('Harry Potter and the Sorcerer''s Stone', '2020-9-28', '2020-10-12', 'Digital', false, 'YA', 'J. K. Rowling', '978-0590353403', '566257542721', '000'),
('Harry Potter and the Sorcerer''s Stone', NULL, NULL, 'Audiobook', false, 'YA', 'J. K. Rowling', '978-0590353403', NULL, '000'),
('Harry Potter and the Sorcerer''s Stone', NULL, NULL, 'Print', false, 'YA', 'J. K. Rowling', '978-0590353403', NULL, '000'),
('His Dark Materials: Northern Lights', NULL, NULL, 'Print', false, 'YA', 'Philip Pullman', '978-1407198705', NULL, '000'),
('His Dark Materials: Northern Lights', NULL, NULL, 'Digital', false, 'YA', 'Philip Pullman', '978-1407198705', NULL, '000'),
('His Dark Materials: Northern Lights', NULL, NULL, 'Audiobook', false, 'YA', 'Philip Pullman', '978-1407198705', NULL, '000'),
('His Dark Materials: The Amber Spyglass', NULL, NULL, 'Print', false, 'YA', 'Philip Pullman', '978-0440238157', NULL, '000'),
('His Dark Materials: The Amber Spyglass', NULL, NULL, 'Digital', false, 'YA', 'Philip Pullman', '978-0440238157', NULL, '000'),
('His Dark Materials: The Amber Spyglass', NULL, NULL, 'Audiobook', false, 'YA', 'Philip Pullman', '978-0440238157', NULL, '000'),
('His Dark Materials: The Subtle Knife', NULL, NULL, 'Print', false, 'YA', 'Philip Pullman', '978-0345413369', NULL, '000'),
('His Dark Materials: The Subtle Knife', NULL, NULL, 'Digital', false, 'YA', 'Philip Pullman', '978-0345413369', NULL, '000'),
('His Dark Materials: The Subtle Knife', NULL, NULL, 'Audiobook', false, 'YA', 'Philip Pullman', '978-0345413369', NULL, '000'),
('IT', NULL, NULL, 'Digital', true, 'A', 'Stephen King', '978-1473666948', NULL, '006'),
('IT', NULL, NULL, 'Print', true, 'A', 'Stephen King', '978-1473666948', NULL, '006'),
('Life of Pi', '2020-9-28', '2020-10-12', 'Digital', false, 'YA', 'Yann Martel', '978-0770430078', '994373155987', '001'),
('Life of Pi', NULL, NULL, 'Print', false, 'YA', 'Yann Martel', '978-0770430078', NULL, '001'),
('Liftoff: The Story of America''s Adevnture in Spaces Adevnture in Space', NULL, NULL, 'Print', false, 'A', 'Michael Collins', '978-0802110114', NULL, '011'),
('Liftoff: The Story of America''s Adevnture in Spaces Adevnture in Space', NULL, NULL, 'Audiobook', false, 'A', 'Michael Collins', '978-0802110114', NULL, '011'),
('Lord of the Flies', '2020-9-28', '2020-10-12', 'Print', false, 'YA', 'William Golding', '978-0571191475', '160316518797', '007'),
('Lord of the Flies', NULL, NULL, 'Digital', false, 'YA', 'William Golding', '978-0571191475', NULL, '007'),
('Mockingjay', NULL, NULL, 'Print', false, 'YA', 'Suzanne Collins', '978-0545663267', NULL, '004'),
('Mockingjay', NULL, NULL, 'Digital', false, 'YA', 'Suzanne Collins', '978-0545663267', NULL, '004'),
('Mockingjay', NULL, NULL, 'Audiobook', false, 'YA', 'Suzanne Collins', '978-0545663267', NULL, '004'),
('Mr. Putter & Tabby Walk the Dog', NULL, NULL, 'Digital', false, 'C', 'Cynthia Rylant', '978-0152008918', NULL, '023'),
('Mr. Putter & Tabby Walk the Dog', NULL, NULL, 'Print', false, 'C', 'Cynthia Rylant', '978-0152008918', NULL, '023'),
('Number the Stars', NULL, NULL, 'Print', false, 'C', 'Louis Lowry', '978-0547577098', NULL, '023'),
('Number the Stars', NULL, NULL, 'Digital', false, 'C', 'Louis Lowry', '978-0547577098', NULL, '023'),
('Oh, the Places You''ll Go!ll Go!', NULL, NULL, 'Print', false, 'C', 'Dr. Seuss', '978-0679805274', NULL, '023'),
('Oh, the Places You''ll Go!ll Go!', NULL, NULL, 'Digital', false, 'C', 'Dr. Seuss', '978-0679805274', NULL, '023'),
('One Flew Over the Cuckoo''s Nests Nest', NULL, NULL, 'Print', true, 'A', 'Ken Kesey ', '978-0451163967', NULL, '009'),
('One Flew Over the Cuckoo''s Nests Nest', NULL, NULL, 'Digital', true, 'A', 'Ken Kesey ', '978-0451163967', NULL, '009'),
('Out of the Silent Planet', NULL, NULL, 'Print', false, 'YA', 'C. S. Lewis', '978-0743234900', NULL, '010'),
('Out of the Silent Planet', NULL, NULL, 'Digital', false, 'YA', 'C. S. Lewis', '978-0743234900', NULL, '010'),
('Percy Jackson and the Olympians The Battle of the Labyrinth', NULL, NULL, 'Print', false, 'YA', 'Rick Riordan', '978-1423101499', NULL, '000'),
('Percy Jackson and the Olympians The Battle of the Labyrinth', NULL, NULL, 'Digital', false, 'YA', 'Rick Riordan', '978-1423101499', NULL, '000'),
('Percy Jackson and the Olympians The Battle of the Labyrinth', NULL, NULL, 'Digital', false, 'YA', 'Rick Riordan', '978-1423101499', NULL, '000'),
('Percy Jackson and the Olympians The Last Olympian', NULL, NULL, 'Print', false, 'YA', 'Rick Riordan', '978-1423101505', NULL, '000'),
('Percy Jackson and the Olympians The Last Olympian', NULL, NULL, 'Digital', false, 'YA', 'Rick Riordan', '978-1423101505', NULL, '000'),
('Percy Jackson and the Olympians The Last Olympian', NULL, NULL, 'Digital', false, 'YA', 'Rick Riordan', '978-1423101505', NULL, '000'),
('Percy Jackson and the Olympians The Lightning Thief', NULL, NULL, 'Print', false, 'YA', 'Rick Riordan', '978-0786838653', NULL, '000'),
('Percy Jackson and the Olympians The Lightning Thief', NULL, NULL, 'Digital', false, 'YA', 'Rick Riordan', '978-0786838653', NULL, '000'),
('Percy Jackson and the Olympians The Lightning Thief', NULL, NULL, 'Digital', false, 'YA', 'Rick Riordan', '978-0786838653', NULL, '000'),
('Percy Jackson and the Olympians The Sea of Monsters', NULL, NULL, 'Print', false, 'YA', 'Rick Riordan', '978-1423103349', NULL, '000'),
('Percy Jackson and the Olympians The Sea of Monsters', NULL, NULL, 'Digital', false, 'YA', 'Rick Riordan', '978-1423103349', NULL, '000'),
('Percy Jackson and the Olympians The Sea of Monsters', NULL, NULL, 'Digital', false, 'YA', 'Rick Riordan', '978-1423103349', NULL, '000'),
('Percy Jackson and the Olympians The Titan''s Curses Curse', NULL, NULL, 'Print', false, 'YA', 'Rick Riordan', '978-1423101482', NULL, '000'),
('Percy Jackson and the Olympians The Titan''s Curses Curse', NULL, NULL, 'Digital', false, 'YA', 'Rick Riordan', '978-1423101482', NULL, '000'),
('Percy Jackson and the Olympians The Titan''s Curses Curse', NULL, NULL, 'Digital', false, 'YA', 'Rick Riordan', '978-1423101482', NULL, '000'),
('Perelandra', NULL, NULL, 'Print', false, 'YA', 'C. S. Lewis', '978-0743234917', NULL, '010'),
('Perelandra', NULL, NULL, 'Digital', false, 'YA', 'C. S. Lewis', '978-0743234917', NULL, '010'),
('Peter Pan', NULL, NULL, 'Print', false, 'C', 'J. M. Barrie', '978-0062362223', NULL, '000'),
('Peter Pan', NULL, NULL, 'Digital', false, 'C', 'J. M. Barrie', '978-0062362223', NULL, '000'),
('Pride and Prejudice', '2020-10-12', '2020-10-26', 'Digital', false, 'A', 'Jane Austen', '979-8689704517', '752387612667', '002'),
('Pride and Prejudice', NULL, NULL, 'Print', false, 'A', 'Jane Austen', '979-8689704517', NULL, '002'),
('Prince Caspian: The Return to Narnia', NULL, NULL, 'Print', false, 'YA', 'C. S. Lewis', '978-0064471053', NULL, '000'),
('Prince Caspian: The Return to Narnia', NULL, NULL, 'Digital', false, 'YA', 'C. S. Lewis', '978-0064471053', NULL, '000'),
('Prince Caspian: The Return to Narnia', NULL, NULL, 'Audiobook', false, 'YA', 'C. S. Lewis', '978-0064471053', NULL, '000'),
('Sense and Sensibility', NULL, NULL, 'Print', false, 'A', 'Jane Austen', '978-1676583387', NULL, '002'),
('Sense and Sensibility', NULL, NULL, 'Digital', false, 'A', 'Jane Austen', '978-1676583387', NULL, '002'),
('Thank you, Mr. Falker', NULL, NULL, 'Digital', false, 'C', 'Patricia Polacco', '978-0399257629', NULL, '023'),
('Thank you, Mr. Falker', NULL, NULL, 'Print', false, 'C', 'Patricia Polacco', '978-0399257629', NULL, '023'),
('That Hideous Strength', NULL, NULL, 'Print', false, 'YA', 'C. S. Lewis', '978-0743234924', NULL, '010'),
('That Hideous Strength', NULL, NULL, 'Digital', false, 'YA', 'C. S. Lewis', '978-0743234924', NULL, '010'),
('The ABC Bunny', NULL, NULL, 'Digital', false, 'C', 'Wanda Gag', '978-0816644162', NULL, '023'),
('The ABC Bunny', NULL, NULL, 'Print', false, 'C', 'Wanda Gag', '978-0816644162', NULL, '023'),
('The Autobiography of Benjamin Franklin', NULL, NULL, 'Print', false, 'A', 'Benjamin Franklin', '978-1936594375', NULL, '011'),
('The Autobiography of Benjamin Franklin', NULL, NULL, 'Digital', false, 'A', 'Benjamin Franklin', '978-1936594375', NULL, '011'),
('The Ballad Of Songbirds And Snakes', NULL, NULL, 'Print', false, 'YA', 'Suzanne Collins', '978-1338635171', NULL, '004'),
('The Ballad Of Songbirds And Snakes', NULL, NULL, 'Digital', false, 'YA', 'Suzanne Collins', '978-1338635171', NULL, '004'),
('The Ballad Of Songbirds And Snakes', NULL, NULL, 'Audiobook', false, 'YA', 'Suzanne Collins', '978-1338635171', NULL, '004'),
('The Book Thief', NULL, NULL, 'Print', false, 'YA', 'Markus Zusak', '978-0375842207', NULL, '009'),
('The Book Thief', NULL, NULL, 'Digital', false, 'YA', 'Markus Zusak', '978-0375842207', NULL, '009'),
('The Boy in the Striped Pajamas', '2020-10-10', '2020-10-24', 'Digital', false, 'YA', 'John Boyne', '978-0385751537', '110382212241', '009'),
('The Boy in the Striped Pajamas', NULL, NULL, 'Print', false, 'YA', 'John Boyne', '978-0385751537', NULL, '009'),
('The Cat in the Hat', NULL, NULL, 'Print', false, 'C', 'Dr. Seuss', '978-0375834929', NULL, '023'),
('The Cat in the Hat', NULL, NULL, 'Digital', false, 'C', 'Dr. Seuss', '978-0375834929', NULL, '023'),
('The Catcher in the Rye', NULL, NULL, 'Audiobook', true, 'A', 'J. D. Salinger', '978-0316769174', NULL, '003'),
('The Catcher in the Rye', NULL, NULL, 'Digital', true, 'A', 'J. D. Salinger', '978-0316769174', NULL, '003'),
('The Da Vinci Code', '2020-10-15', '2020-10-29', 'Digital', false, 'A', 'Dan Brown', '978-0307474278', '368975792811', '005'),
('The Da Vinci Code', NULL, NULL, 'Print', false, 'A', 'Dan Brown', '978-0307474278', NULL, '005'),
('The Diary of a Young Girl', '2020-9-30', '2020-10-14', 'Print', false, 'A', 'Anne Frank', '978-0307594006', '149322864602', '011'),
('The Diary of a Young Girl', NULL, NULL, 'Digital', false, 'A', 'Anne Frank', '978-0307594006', NULL, '011'),
('The Giver', NULL, NULL, 'Print', false, 'YA', 'Lois Lowry', '978-0544336261', NULL, '004'),
('The Giver', NULL, NULL, 'Digital', false, 'YA', 'Lois Lowry', '978-0544336261', NULL, '004'),
('The Great Gatsby', NULL, NULL, 'Print', false, 'A', 'F. Scott Firzgerald', '978-0743273565', NULL, '003'),
('The Great Gatsby', NULL, NULL, 'Digital', false, 'A', 'F. Scott Firzgerald', '978-0743273565', NULL, '003'),
('The Gruffalo', NULL, NULL, 'Print', false, 'C', 'Julia Donaldson', '978-0142403877', NULL, '023'),
('The Gruffalo', NULL, NULL, 'Audiobook', false, 'C', 'Julia Donaldson', '978-0142403877', NULL, '023'),
('The Hobbit', NULL, NULL, 'Print', false, 'YA', 'J. R. R. Tolkien', '978-0547928227', NULL, '000'),
('The Hobbit', NULL, NULL, 'Digital', false, 'YA', 'J. R. R. Tolkien', '978-0547928227', NULL, '000'),
('The Hobbit', NULL, NULL, 'Audiobook', false, 'YA', 'J. R. R. Tolkien', '978-0547928227', NULL, '000'),
('The Horse and His Boy', NULL, NULL, 'Print', false, 'YA', 'C. S. Lewis', '978-0064471060', NULL, '000'),
('The Horse and His Boy', NULL, NULL, 'Digital', false, 'YA', 'C. S. Lewis', '978-0064471060', NULL, '000'),
('The Horse and His Boy', NULL, NULL, 'Audiobook', false, 'YA', 'C. S. Lewis', '978-0064471060', NULL, '000'),
('The Hunger Games', NULL, NULL, 'Print', false, 'YA', 'Suzanne Collins', '978-0439023481', NULL, '004'),
('The Hunger Games', NULL, NULL, 'Digital', false, 'YA', 'Suzanne Collins', '978-0439023481', NULL, '004'),
('The Hunger Games', NULL, NULL, 'Audiobook', false, 'YA', 'Suzanne Collins', '978-0439023481', NULL, '004'),
('The Iliad', NULL, NULL, 'Print', false, 'A', 'Homer', '978-1853262425', NULL, '000'),
('The Iliad', NULL, NULL, 'Digital', false, 'A', 'Homer', '978-1853262425', NULL, '000'),
('The Last Battle', NULL, NULL, 'Print', false, 'YA', 'C. S. Lewis', '978-0064471084', NULL, '000'),
('The Last Battle', NULL, NULL, 'Digital', false, 'YA', 'C. S. Lewis', '978-0064471084', NULL, '000'),
('The Last Battle', NULL, NULL, 'Audiobook', false, 'YA', 'C. S. Lewis', '978-0064471084', NULL, '000'),
('The Lion, the Witch and the Wardrobe', '2020-10-14', '2020-10-28', 'Print', false, 'YA', 'C. S. Lewis', '978-0064409421', '299045933849', '000'),
('The Lion, the Witch and the Wardrobe', NULL, NULL, 'Digital', false, 'YA', 'C. S. Lewis', '978-0064409421', NULL, '000'),
('The Little Mermaid', NULL, NULL, 'Print', false, 'C', 'Hans Christian Andersen ', '978-0615963945', NULL, '000'),
('The Little Mermaid', NULL, NULL, 'Digital', false, 'C', 'Hans Christian Andersen ', '978-0615963945', NULL, '000'),
('The Lorax', NULL, NULL, 'Print', false, 'C', 'Dr. Seuss', '978-0394823379', NULL, '023'),
('The Lorax', NULL, NULL, 'Digital', false, 'C', 'Dr. Seuss', '978-0394823379', NULL, '023'),
('The Lord of the Rings The Fellowship of the Ring', NULL, NULL, 'Print', false, 'YA', 'J. R. R. Tolkien', '978-0544003415', NULL, '000'),
('The Lord of the Rings The Fellowship of the Ring', NULL, NULL, 'Digital', false, 'YA', 'J. R. R. Tolkien', '978-0544003415', NULL, '000'),
('The Lord of the Rings The Fellowship of the Ring', NULL, NULL, 'Audiobook', false, 'YA', 'J. R. R. Tolkien', '978-0544003415', NULL, '000'),
('The Lord of the Rings The Return of the King', NULL, NULL, 'Print', false, 'YA', 'J. R. R. Tolkien', '978-0345339737', NULL, '000'),
('The Lord of the Rings The Return of the King', NULL, NULL, 'Digital', false, 'YA', 'J. R. R. Tolkien', '978-0345339737', NULL, '000'),
('The Lord of the Rings The Return of the King', NULL, NULL, 'Audiobook', false, 'YA', 'J. R. R. Tolkien', '978-0345339737', NULL, '000'),
('The Lord of the Rings The Two Towers', NULL, NULL, 'Print', false, 'YA', 'J. R. R. Tolkien', '978-0618002238', NULL, '000'),
('The Lord of the Rings The Two Towers', NULL, NULL, 'Digital', false, 'YA', 'J. R. R. Tolkien', '978-0618002238', NULL, '000'),
('The Lord of the Rings The Two Towers', NULL, NULL, 'Audiobook', false, 'YA', 'J. R. R. Tolkien', '978-0618002238', NULL, '000'),
('The Magician''s Nephew', NULL, NULL, 'Print', false, 'YA', 'C. S. Lewis', '978-0064405058', NULL, '000'),
('The Magician''s Nephew', NULL, NULL, 'Digital', false, 'YA', 'C. S. Lewis', '978-0064405058', NULL, '000'),
('The Magician''s Nephew', NULL, NULL, 'Audiobook', false, 'YA', 'C. S. Lewis', '978-0064405058', NULL, '000'),
('The Mitten', NULL, NULL, 'Print', false, 'C', 'Jan Brett', '978-0399231094', NULL, '023'),
('The Mitten', NULL, NULL, 'Audiobook', false, 'C', 'Jan Brett', '978-0399231094', NULL, '023'),
('The Night Before Christmas', NULL, NULL, 'Print', false, 'C', 'Jan Brett', '978-1984816825', NULL, '023'),
('The Night Before Christmas', NULL, NULL, 'Digital', false, 'C', 'Jan Brett', '978-1984816825', NULL, '023'),
('The Odyssey', NULL, NULL, 'Audiobook', false, 'A', 'Homer', '978-1500200145', NULL, '000'),
('The Odyssey', NULL, NULL, 'Print', false, 'A', 'Homer', '978-1500200145', NULL, '000'),
('The Only Skill That Matters ', NULL, NULL, 'Audiobook', false, 'A', 'Jonathan A. Levi', '978-1544504346', NULL, '016'),
('The Only Skill That Matters ', NULL, NULL, 'Print', false, 'A', 'Jonathan A. Levi', '978-1544504346', NULL, '016'),
('The Silver Chair', NULL, NULL, 'Print', false, 'YA', 'C. S. Lewis', '978-0064471091', NULL, '000'),
('The Silver Chair', NULL, NULL, 'Digital', false, 'YA', 'C. S. Lewis', '978-0064471091', NULL, '000'),
('The Silver Chair', NULL, NULL, 'Audiobook', false, 'YA', 'C. S. Lewis', '978-0064471091', NULL, '000'),
('The Snow Queen ', NULL, NULL, 'Print', false, 'C', 'Hans Christian Andersen ', '978-0615934013', NULL, '000'),
('The Snow Queen ', NULL, NULL, 'Digital', false, 'C', 'Hans Christian Andersen ', '978-0615934013', NULL, '000'),
('The Voyage of the Dawn Treader', NULL, NULL, 'Print', false, 'YA', 'C. S. Lewis', '978-0064405027', NULL, '000'),
('The Voyage of the Dawn Treader', NULL, NULL, 'Digital', false, 'YA', 'C. S. Lewis', '978-0064405027', NULL, '000'),
('The Voyage of the Dawn Treader', NULL, NULL, 'Audiobook', false, 'YA', 'C. S. Lewis', '978-0064405027', NULL, '000'),
('Through the Looking-Glass', NULL, NULL, 'Print', false, 'C', 'Lewis Carroll', '978-1951570026', NULL, '000'),
('Through the Looking-Glass', NULL, NULL, 'Digital', false, 'C', 'Lewis Carroll', '978-1951570026', NULL, '000'),
('Thumbelina', NULL, NULL, 'Print', false, 'C', 'Hans Christian Andersen ', '978-0803728127', NULL, '000'),
('Thumbelina', NULL, NULL, 'Digital', false, 'C', 'Hans Christian Andersen ', '978-0803728127', NULL, '000'),
('To Kill a Mockingbird', '2020-9-29', '2020-10-13', 'Print', true, 'A', 'Harper Lee', '978-0060935467', '486437364595', '005'),
('To Kill a Mockingbird', NULL, NULL, 'Audiobook', true, 'A', 'Harper Lee', '978-0060935467', NULL, '005'),
('Town Mouse, Country Mouse', NULL, NULL, 'Print', false, 'C', 'Jan Brett', '978-0698119864', NULL, '023'),
('Town Mouse, Country Mouse', NULL, NULL, 'Digital', false, 'C', 'Jan Brett', '978-0698119864', NULL, '023'),
('Water for Elephants', '2020-9-30', '2020-10-14', 'Audiobook', true, 'A', 'Sara Gruen', '978-1565125605', '286743336269', '002'),
('Water for Elephants', NULL, NULL, 'Print', true, 'A', 'Sara Gruen', '978-1565125605', NULL, '002'),
('We Seven', NULL, NULL, 'Print', false, 'A', 'Malcolm Carpenter, Leroy Cooper, John Glenn, Virgil Grissom, Walter Schirra, Donald Slayton, Alan Shepard', '978-1439181034', NULL, '011'),
('We Seven', NULL, NULL, 'Audiobook', false, 'A', 'Malcolm Carpenter, Leroy Cooper, John Glenn, Virgil Grissom, Walter Schirra, Donald Slayton, Alan Shepard', '978-1439181034', NULL, '011'),
('Yard Sale!', NULL, NULL, 'Print', false, 'C', 'Mitra Modarressi', '978-0789426512', NULL, '023'),
('Yard Sale!', NULL, NULL, 'Digital', false, 'C', 'Mitra Modarressi', '978-0789426512', NULL, '023');

INSERT INTO Movie(title, checkOutDate, dueDate, format, isAdult, year, rating, checkedOutBy, genreCode)
 VALUES
('A Beautiful Mind', NULL, NULL, 'DVD', false, '2001', 'PG-13', NULL, '107'),
('A Beautiful Mind', NULL, NULL, 'Blu-ray', false, '2001', 'PG-13', NULL, '107'),
('A Hard Day''s Nights Night', NULL, NULL, 'DVD', false, '1964', 'G', NULL, '113'),
('A Hard Day''s Nights Night', NULL, NULL, 'Blu-ray', false, '1964', 'G', NULL, '113'),
('Alien', '2020-9-28', '2020-10-12', 'Blu-ray', true, '1979', 'R', '566257542721', '117'),
('Alien', NULL, NULL, 'DVD', true, '1979', 'R', NULL, '117'),
('Alien', NULL, NULL, 'Digital', true, '1979', 'R', NULL, '117'),
('Alien: Covenant', NULL, NULL, 'DVD', true, '2017', 'R', NULL, '117'),
('Alien: Covenant', NULL, NULL, 'Blu-ray', true, '2017', 'R', NULL, '117'),
('Alien: Covenant', NULL, NULL, 'Digital', true, '2017', 'R', NULL, '117'),
('Aliens', NULL, NULL, 'DVD', true, '1986', 'R', NULL, '117'),
('Aliens', NULL, NULL, 'Blu-ray', true, '1986', 'R', NULL, '117'),
('All Quiet on the Western Front', NULL, NULL, 'DVD', false, '1930', 'Not Rated', NULL, '122'),
('All Quiet on the Western Front', NULL, NULL, 'Blu-ray', false, '1930', 'Not Rated', NULL, '122'),
('Anastasia', NULL, NULL, 'DVD', false, '1997', 'G', NULL, '108'),
('Anastasia', NULL, NULL, 'Blu-ray', false, '1997', 'G', NULL, '108'),
('Apollo 11', '2020-9-28', '2020-10-12', 'DVD', false, '2019', 'G', '260344226465', '106'),
('Apollo 11', NULL, NULL, 'Blu-ray', false, '2019', 'G', NULL, '106'),
('Apollo 13', NULL, NULL, 'DVD', false, '1995', 'PG-13', NULL, '111'),
('Apollo 13', NULL, NULL, 'Blu-ray', false, '1995', 'PG-13', NULL, '111'),
('Apollo 13', NULL, NULL, 'Digital', false, '1995', 'PG-13', NULL, '111'),
('Avengers: Age of Ultron', NULL, NULL, 'DVD', false, '2015', 'PG-13', NULL, '120'),
('Avengers: Age of Ultron', NULL, NULL, 'Blu-ray', false, '2015', 'PG-13', NULL, '120'),
('Avengers: Age of Ultron', NULL, NULL, 'Digital', false, '2015', 'PG-13', NULL, '120'),
('Avengers: Endgame', NULL, NULL, 'DVD', false, '2019', 'PG-13', NULL, '120'),
('Avengers: Endgame', NULL, NULL, 'Blu-ray', false, '2019', 'PG-13', NULL, '120'),
('Avengers: Endgame', NULL, NULL, 'Digital', false, '2019', 'PG-13', NULL, '120'),
('Avengers: Infinity War', NULL, NULL, 'DVD', false, '2018', 'PG-13', NULL, '120'),
('Avengers: Infinity War', NULL, NULL, 'Blu-ray', false, '2018', 'PG-13', NULL, '120'),
('Avengers: Infinity War', NULL, NULL, 'Digital', false, '2018', 'PG-13', NULL, '120'),
('Bambi', NULL, NULL, 'DVD', false, '1942', 'G', NULL, '108'),
('Bambi', NULL, NULL, 'Blu-ray', false, '1942', 'G', NULL, '108'),
('Capone', NULL, NULL, 'Blu-ray', false, '2020', 'R', NULL, '105'),
('Capone', NULL, NULL, 'DVD', false, '2020', 'R', NULL, '105'),
('Captain America: Civil War', NULL, NULL, 'DVD', false, '2016', 'PG-13', NULL, '120'),
('Captain America: Civil War', NULL, NULL, 'Blu-ray', false, '2016', 'PG-13', NULL, '120'),
('Captain America: Civil War', NULL, NULL, 'Digital', false, '2016', 'PG-13', NULL, '120'),
('Captain America: The First Avenger', NULL, NULL, 'DVD', false, '2011', 'PG-13', NULL, '120'),
('Captain America: The First Avenger', NULL, NULL, 'Blu-ray', false, '2011', 'PG-13', NULL, '120'),
('Captain America: The First Avenger', NULL, NULL, 'Digital', false, '2011', 'PG-13', NULL, '120'),
('Captain America: The Winter Soldier', NULL, NULL, 'DVD', false, '2014', 'PG-13', NULL, '120'),
('Captain America: The Winter Soldier', NULL, NULL, 'Blu-ray', false, '2014', 'PG-13', NULL, '120'),
('Captain America: The Winter Soldier', NULL, NULL, 'Digital', false, '2014', 'PG-13', NULL, '120'),
('Casablanca', NULL, NULL, 'DVD', false, '1942', 'PG', NULL, '116'),
('Casablanca', NULL, NULL, 'Blu-ray', false, '1942', 'PG', NULL, '116'),
('Charade', '2020-10-10', '2020-10-24', 'DVD', false, '1963', 'G', '110382212241', '115'),
('Charade', NULL, NULL, 'Blu-ray', false, '1963', 'G', NULL, '115'),
('Charade', NULL, NULL, 'Digital', false, '1963', 'G', NULL, '115'),
('Cinderella', NULL, NULL, 'DVD', false, '1950', 'G', NULL, '108'),
('Cinderella', NULL, NULL, 'Blu-ray', false, '1950', 'G', NULL, '108'),
('Deadpool', '2020-10-1', '2020-10-15', 'Blu-ray', true, '2016', 'R', '923876375725', '120'),
('Deadpool', NULL, NULL, 'DVD', true, '2016', 'R', NULL, '120'),
('First Man', NULL, NULL, 'DVD', false, '2018', 'PG-13', NULL, '111'),
('First Man', NULL, NULL, 'Blu-ray', false, '2018', 'PG-13', NULL, '111'),
('First Man', NULL, NULL, 'Digital', false, '2018', 'PG-13', NULL, '111'),
('Float', NULL, NULL, 'DVD', false, '2019', 'G', NULL, '118'),
('Float', NULL, NULL, 'Blu-ray', false, '2019', 'G', NULL, '118'),
('Forrest Gump', NULL, NULL, 'DVD', false, '1994', 'PG-13', NULL, '107'),
('Forrest Gump', NULL, NULL, 'Blu-ray', false, '1994', 'PG-13', NULL, '107'),
('Good Will Hunting', NULL, NULL, 'DVD', true, '1997', 'R', NULL, '107'),
('Good Will Hunting', NULL, NULL, 'Blu-ray', true, '1997', 'R', NULL, '107'),
('Guardians of the Galaxy', NULL, NULL, 'DVD', false, '2014', 'PG-13', NULL, '120'),
('Guardians of the Galaxy', NULL, NULL, 'Blu-ray', false, '2014', 'PG-13', NULL, '120'),
('Guardians of the Galaxy', NULL, NULL, 'Digital', false, '2014', 'PG-13', NULL, '120'),
('Guardians of the Galaxy Vol. 2', NULL, NULL, 'DVD', false, '2017', 'PG-13', NULL, '120'),
('Guardians of the Galaxy Vol. 2', NULL, NULL, 'Blu-ray', false, '2017', 'PG-13', NULL, '120'),
('Guardians of the Galaxy Vol. 2', NULL, NULL, 'Digital', false, '2017', 'PG-13', NULL, '120'),
('Hacksaw Ridge', NULL, NULL, 'Blu-ray', true, '2016', 'R', NULL, '122'),
('Hacksaw Ridge', NULL, NULL, 'DVD', true, '2016', 'R', NULL, '122'),
('Halloween', NULL, NULL, 'DVD', true, '1978', 'R', NULL, '112'),
('Halloween', NULL, NULL, 'Blu-ray', true, '1978', 'R', NULL, '112'),
('Halloween 5: The Revenge of Michael Myers', NULL, NULL, 'DVD', true, '1989', 'R', NULL, '112'),
('Halloween 5: The Revenge of Michael Myers', NULL, NULL, 'Blu-ray', true, '1989', 'R', NULL, '112'),
('Halloween II', NULL, NULL, 'DVD', true, '1981', 'R', NULL, '112'),
('Halloween II', NULL, NULL, 'Blu-ray', true, '1981', 'R', NULL, '112'),
('Halloweentown', NULL, NULL, 'DVD', false, '1998', 'Not Rated', NULL, '108'),
('Halloweentown', NULL, NULL, 'Blu-ray', false, '1998', 'Not Rated', NULL, '108'),
('Harry Potter and the Chamber of Secrets', NULL, NULL, 'DVD', false, '2002', 'PG', NULL, '109'),
('Harry Potter and the Chamber of Secrets', NULL, NULL, 'Blu-ray', false, '2002', 'PG', NULL, '109'),
('Harry Potter and the Chamber of Secrets', NULL, NULL, 'Digital', false, '2002', 'PG', NULL, '109'),
('Harry Potter and the Deathly Hallows Part 1', NULL, NULL, 'DVD', false, '2010', 'PG-13', NULL, '109'),
('Harry Potter and the Deathly Hallows Part 1', NULL, NULL, 'Blu-ray', false, '2010', 'PG-13', NULL, '109'),
('Harry Potter and the Deathly Hallows Part 1', NULL, NULL, 'Digital', false, '2010', 'PG-13', NULL, '109'),
('Harry Potter and the Deathly Hallows Part 2', NULL, NULL, 'DVD', false, '2011', 'PG-13', NULL, '109'),
('Harry Potter and the Deathly Hallows Part 2', NULL, NULL, 'Blu-ray', false, '2011', 'PG-13', NULL, '109'),
('Harry Potter and the Deathly Hallows Part 2', NULL, NULL, 'Digital', false, '2011', 'PG-13', NULL, '109'),
('Harry Potter and the Goblet of Fire', NULL, NULL, 'DVD', false, '2005', 'PG-13', NULL, '109'),
('Harry Potter and the Goblet of Fire', NULL, NULL, 'Blu-ray', false, '2005', 'PG-13', NULL, '109'),
('Harry Potter and the Goblet of Fire', NULL, NULL, 'Digital', false, '2005', 'PG-13', NULL, '109'),
('Harry Potter and the Half-Blood Prince', NULL, NULL, 'DVD', false, '2009', 'PG-13', NULL, '109'),
('Harry Potter and the Half-Blood Prince', NULL, NULL, 'Blu-ray', false, '2009', 'PG-13', NULL, '109'),
('Harry Potter and the Half-Blood Prince', NULL, NULL, 'Digital', false, '2009', 'PG-13', NULL, '109'),
('Harry Potter and the Order of the Phoenix', NULL, NULL, 'DVD', false, '2007', 'PG-13', NULL, '109'),
('Harry Potter and the Order of the Phoenix', NULL, NULL, 'Blu-ray', false, '2007', 'PG-13', NULL, '109'),
('Harry Potter and the Order of the Phoenix', NULL, NULL, 'Digital', false, '2007', 'PG-13', NULL, '109'),
('Harry Potter and the Prisoner of Azkaban', NULL, NULL, 'DVD', false, '2004', 'PG', NULL, '109'),
('Harry Potter and the Prisoner of Azkaban', NULL, NULL, 'Blu-ray', false, '2004', 'PG', NULL, '109'),
('Harry Potter and the Prisoner of Azkaban', NULL, NULL, 'Digital', false, '2004', 'PG', NULL, '109'),
('Harry Potter and the Sorcerer''s Stone', NULL, NULL, 'DVD', false, '2001', 'PG', NULL, '109'),
('Harry Potter and the Sorcerer''s Stone', NULL, NULL, 'Blu-ray', false, '2001', 'PG', NULL, '109'),
('Harry Potter and the Sorcerer''s Stone', NULL, NULL, 'Digital', false, '2001', 'PG', NULL, '109'),
('How to Train Your Dragon', '2020-10-12', '2020-10-26', 'DVD', false, '2010', 'PG', '279893236088', '108'),
('How to Train Your Dragon', NULL, NULL, 'Blu-ray', false, '2010', 'PG', NULL, '108'),
('How to Train Your Dragon', NULL, NULL, 'Digital', false, '2010', 'PG', NULL, '108'),
('How to Train Your Dragon 2', NULL, NULL, 'DVD', false, '2014', 'PG', NULL, '108'),
('How to Train Your Dragon 2', NULL, NULL, 'Blu-ray', false, '2014', 'PG', NULL, '108'),
('How to Train Your Dragon 2', NULL, NULL, 'Digital', false, '2014', 'PG', NULL, '108'),
('How to Train Your Dragon: The Hidden World', NULL, NULL, 'DVD', false, '2019', 'PG', NULL, '108'),
('How to Train Your Dragon: The Hidden World', NULL, NULL, 'Blu-ray', false, '2019', 'PG', NULL, '108'),
('How to Train Your Dragon: The Hidden World', NULL, NULL, 'Digital', false, '2019', 'PG', NULL, '108'),
('Howl''s Moving Castles Moving Castle', NULL, NULL, 'DVD', false, '2004', 'PG', NULL, '109'),
('Howl''s Moving Castles Moving Castle', NULL, NULL, 'Blu-ray', false, '2004', 'PG', NULL, '109'),
('Indiana Jones and the Crystal Skull', NULL, NULL, 'DVD', false, '2008', 'PG-13', NULL, '101'),
('Indiana Jones and the Crystal Skull', NULL, NULL, 'Blu-ray', false, '2008', 'PG-13', NULL, '101'),
('Indiana Jones and the Crystal Skull', NULL, NULL, 'Digital', false, '2008', 'PG-13', NULL, '101'),
('Indiana Jones and the Last Crusade', NULL, NULL, 'DVD', false, '1989', 'PG', NULL, '101'),
('Indiana Jones and the Last Crusade', NULL, NULL, 'Blu-ray', false, '1989', 'PG', NULL, '101'),
('Indiana Jones and the Last Crusade', NULL, NULL, 'Digital', false, '1989', 'PG', NULL, '101'),
('Indiana Jones and the Raiders of the Lost Ark', '2020-9-28', '2020-10-12', 'DVD', false, '1981', 'PG', '353889623571', '101'),
('Indiana Jones and the Raiders of the Lost Ark', NULL, NULL, 'Blu-ray', false, '1981', 'PG', NULL, '101'),
('Indiana Jones and the Raiders of the Lost Ark', NULL, NULL, 'Digital', false, '1981', 'PG', NULL, '101'),
('Indiana Jones and the Temple of Doom', NULL, NULL, 'DVD', false, '1984', 'PG-13', NULL, '101'),
('Indiana Jones and the Temple of Doom', NULL, NULL, 'Blu-ray', false, '1984', 'PG-13', NULL, '101'),
('Indiana Jones and the Temple of Doom', NULL, NULL, 'Digital', false, '1984', 'PG-13', NULL, '101'),
('Iron Man', NULL, NULL, 'DVD', false, '2008', 'PG-13', NULL, '120'),
('Iron Man', NULL, NULL, 'Blu-ray', false, '2008', 'PG-13', NULL, '120'),
('Iron Man', NULL, NULL, 'Digital', false, '2008', 'PG-13', NULL, '120'),
('Iron Man 2', NULL, NULL, 'DVD', false, '2010', 'PG-13', NULL, '120'),
('Iron Man 2', NULL, NULL, 'Blu-ray', false, '2010', 'PG-13', NULL, '120'),
('Iron Man 2', NULL, NULL, 'Digital', false, '2010', 'PG-13', NULL, '120'),
('Iron Man 3', NULL, NULL, 'DVD', false, '2013', 'PG-13', NULL, '120'),
('Iron Man 3', NULL, NULL, 'Blu-ray', false, '2013', 'PG-13', NULL, '120'),
('Iron Man 3', NULL, NULL, 'Digital', false, '2013', 'PG-13', NULL, '120'),
('Joker', '2020-9-30', '2020-10-14', 'Blu-ray', true, '2019', 'R', '574694081039', '120'),
('Joker', NULL, NULL, 'DVD', true, '2019', 'R', NULL, '120'),
('Juno', NULL, NULL, 'DVD', false, '2007', 'PG-13', NULL, '104'),
('Juno', NULL, NULL, 'Blu-ray', false, '2007', 'PG-13', NULL, '104'),
('Key Largo', NULL, NULL, 'DVD', false, '1948', 'Not Rated', NULL, '110'),
('Key Largo', NULL, NULL, 'Blu-ray', false, '1948', 'Not Rated', NULL, '110'),
('Look Who''s Talkings Talking', NULL, NULL, 'DVD', false, '1989', 'PG-13', NULL, '107'),
('Look Who''s Talkings Talking', NULL, NULL, 'Blu-ray', false, '1989', 'PG-13', NULL, '107'),
('Midnight Cowboy', '2020-10-7', '2020-10-21', 'DVD', true, '1969', 'R', '724098502382', '107'),
('Midnight Cowboy', NULL, NULL, 'Blu-ray', true, '1969', 'R', NULL, '107'),
('Moneyball', NULL, NULL, 'DVD', false, '2011', 'PG-13', NULL, '119'),
('Moneyball', NULL, NULL, 'Blu-ray', false, '2011', 'PG-13', NULL, '119'),
('Mulan', '2020-10-17', '2020-10-31', 'DVD', false, '1998', 'G', '279893236088', '108'),
('Mulan', NULL, NULL, 'Blu-ray', false, '1998', 'G', NULL, '108'),
('Mulan', NULL, NULL, 'Digital', false, '1998', 'G', NULL, '108'),
('One Flew Over the Cuckoo''s Nests Nest', '2020-10-14', '2020-10-28', 'DVD', true, '1975', 'R', '299045933849', '107'),
('One Flew Over the Cuckoo''s Nests Nest', NULL, NULL, 'Blu-ray', true, '1975', 'R', NULL, '107'),
('One Flew Over the Cuckoo''s Nests Nest', NULL, NULL, 'Digital', true, '1975', 'R', NULL, '107'),
('Parasite', NULL, NULL, 'Blu-ray', true, '2019', 'R', NULL, '121'),
('Parasite', NULL, NULL, 'DVD', true, '2019', 'R', NULL, '121'),
('Peter Pan', NULL, NULL, 'DVD', false, '1953', 'G', NULL, '108'),
('Peter Pan', NULL, NULL, 'Blu-ray', false, '1953', 'G', NULL, '108'),
('Peter Pan', NULL, NULL, 'Digital', false, '1953', 'G', NULL, '108'),
('Remember the Titans', NULL, NULL, 'DVD', false, '2000', 'PG', NULL, '119'),
('Remember the Titans', NULL, NULL, 'Blu-ray', false, '2000', 'PG', NULL, '119'),
('Remember the Titans', NULL, NULL, 'Digital', false, '2000', 'PG', NULL, '119'),
('Rogue One: A Star Wars Story', NULL, NULL, 'DVD', false, '2016', 'PG-13', NULL, '117'),
('Rogue One: A Star Wars Story', NULL, NULL, 'Blu-ray', false, '2016', 'PG-13', NULL, '117'),
('Rogue One: A Star Wars Story', NULL, NULL, 'Digital', false, '2016', 'PG-13', NULL, '117'),
('Showgirls', '2020-10-3', '2020-10-17', 'DVD', true, '1995', 'NC-17', '512788314000', '107'),
('Showgirls', NULL, NULL, 'Blu-ray', true, '1995', 'NC-17', NULL, '107'),
('Shrek', NULL, NULL, 'DVD', false, '2001', 'PG', NULL, '108'),
('Shrek', NULL, NULL, 'Blu-ray', false, '2001', 'PG', NULL, '108'),
('Shrek', NULL, NULL, 'Digital', false, '2001', 'PG', NULL, '108'),
('Shrek 2', NULL, NULL, 'DVD', false, '2004', 'PG', NULL, '108'),
('Shrek 2', NULL, NULL, 'Blu-ray', false, '2004', 'PG', NULL, '108'),
('Shrek 2', NULL, NULL, 'Digital', false, '2004', 'PG', NULL, '108'),
('Shrek Forever After', NULL, NULL, 'DVD', false, '2010', 'PG', NULL, '108'),
('Shrek Forever After', NULL, NULL, 'Blu-ray', false, '2010', 'PG', NULL, '108'),
('Shrek Forever After', NULL, NULL, 'Digital', false, '2010', 'PG', NULL, '108'),
('Shrek the Third', NULL, NULL, 'DVD', false, '2007', 'PG', NULL, '108'),
('Shrek the Third', NULL, NULL, 'Blu-ray', false, '2007', 'PG', NULL, '108'),
('Shrek the Third', NULL, NULL, 'Digital', false, '2007', 'PG', NULL, '108'),
('Sleeping Beauty', NULL, NULL, 'DVD', false, '1959', 'G', NULL, '108'),
('Sleeping Beauty', NULL, NULL, 'Blu-ray', false, '1959', 'G', NULL, '108'),
('Snow White and the Sevem Dwarfs', NULL, NULL, 'DVD', false, '1937', 'G', NULL, '108'),
('Snow White and the Sevem Dwarfs', NULL, NULL, 'Blu-ray', false, '1937', 'G', NULL, '108'),
('Solo: A Star Wars Story', NULL, NULL, 'DVD', false, '2018', 'PG-13', NULL, '117'),
('Solo: A Star Wars Story', NULL, NULL, 'Blu-ray', false, '2018', 'PG-13', NULL, '117'),
('Solo: A Star Wars Story', NULL, NULL, 'Digital', false, '2018', 'PG-13', NULL, '117'),
('Spider-Man', NULL, NULL, 'DVD', false, '2002', 'PG-13', NULL, '120'),
('Spider-Man', NULL, NULL, 'Blu-ray', false, '2002', 'PG-13', NULL, '120'),
('Spider-Man', NULL, NULL, 'Digital', false, '2002', 'PG-13', NULL, '120'),
('Spider-Man 2', NULL, NULL, 'DVD', false, '2004', 'PG-13', NULL, '120'),
('Spider-Man 2', NULL, NULL, 'Blu-ray', false, '2004', 'PG-13', NULL, '120'),
('Spider-Man 2', NULL, NULL, 'Digital', false, '2004', 'PG-13', NULL, '120'),
('Spider-Man 3', NULL, NULL, 'DVD', false, '2007', 'PG-13', NULL, '120'),
('Spider-Man 3', NULL, NULL, 'Blu-ray', false, '2007', 'PG-13', NULL, '120'),
('Spider-Man 3', NULL, NULL, 'Digital', false, '2007', 'PG-13', NULL, '120'),
('Spider-Man: Far From Home', NULL, NULL, 'DVD', false, '2019', 'PG-13', NULL, '120'),
('Spider-Man: Far From Home', NULL, NULL, 'Blu-ray', false, '2019', 'PG-13', NULL, '120'),
('Spider-Man: Far From Home', NULL, NULL, 'Digital', false, '2019', 'PG-13', NULL, '120'),
('Spider-Man: Homecoming', NULL, NULL, 'DVD', false, '2017', 'PG-13', NULL, '120'),
('Spider-Man: Homecoming', NULL, NULL, 'Blu-ray', false, '2017', 'PG-13', NULL, '120'),
('Spider-Man: Homecoming', NULL, NULL, 'Digital', false, '2017', 'PG-13', NULL, '120'),
('Spider-Man: Into the Spider-Verse', NULL, NULL, 'DVD', false, '2018', 'PG', NULL, '120'),
('Spider-Man: Into the Spider-Verse', NULL, NULL, 'Blu-ray', false, '2018', 'PG', NULL, '120'),
('Spider-Man: Into the Spider-Verse', NULL, NULL, 'Digital', false, '2018', 'PG', NULL, '120'),
('Spirted Away', NULL, NULL, 'DVD', false, '2001', 'PG', NULL, '109'),
('Spirted Away', NULL, NULL, 'Blu-ray', false, '2001', 'PG', NULL, '109'),
('Star Wars Episode I: The Phantom Menace', NULL, NULL, 'DVD', false, '1999', 'PG', NULL, '117'),
('Star Wars Episode I: The Phantom Menace', NULL, NULL, 'Blu-ray', false, '1999', 'PG', NULL, '117'),
('Star Wars Episode I: The Phantom Menace', NULL, NULL, 'Digital', false, '1999', 'PG', NULL, '117'),
('Star Wars Episode II: Attack of the Clones', NULL, NULL, 'DVD', false, '2002', 'PG', NULL, '117'),
('Star Wars Episode II: Attack of the Clones', NULL, NULL, 'Blu-ray', false, '2002', 'PG', NULL, '117'),
('Star Wars Episode II: Attack of the Clones', NULL, NULL, 'Digital', false, '2002', 'PG', NULL, '117'),
('Star Wars Episode III: Revenge of the Sith', NULL, NULL, 'DVD', false, '2005', 'PG-13', NULL, '117'),
('Star Wars Episode III: Revenge of the Sith', NULL, NULL, 'Blu-ray', false, '2005', 'PG-13', NULL, '117'),
('Star Wars Episode III: Revenge of the Sith', NULL, NULL, 'Digital', false, '2005', 'PG-13', NULL, '117'),
('Star Wars Episode IV:  A New Hope', NULL, NULL, 'DVD', false, '1977', 'PG', NULL, '117'),
('Star Wars Episode IV:  A New Hope', NULL, NULL, 'Blu-ray', false, '1977', 'PG', NULL, '117'),
('Star Wars Episode IV:  A New Hope', NULL, NULL, 'Digital', false, '1977', 'PG', NULL, '117'),
('Star Wars Episode IX: The Rise of Skywalker', NULL, NULL, 'DVD', false, '2019', 'PG-13', NULL, '117'),
('Star Wars Episode IX: The Rise of Skywalker', NULL, NULL, 'Blu-ray', false, '2019', 'PG-13', NULL, '117'),
('Star Wars Episode IX: The Rise of Skywalker', NULL, NULL, 'Digital', false, '2019', 'PG-13', NULL, '117'),
('Star Wars Episode V: The Empire Strikes Back', '2020-10-12', '2020-10-26', 'Blu-ray', false, '1980', 'PG', '762578252335', '117'),
('Star Wars Episode V: The Empire Strikes Back', NULL, NULL, 'DVD', false, '1980', 'PG', NULL, '117'),
('Star Wars Episode V: The Empire Strikes Back', NULL, NULL, 'Digital', false, '1980', 'PG', NULL, '117'),
('Star Wars Episode VI: Return of the Jedi', NULL, NULL, 'DVD', false, '1983', 'PG', NULL, '117'),
('Star Wars Episode VI: Return of the Jedi', NULL, NULL, 'Blu-ray', false, '1983', 'PG', NULL, '117'),
('Star Wars Episode VI: Return of the Jedi', NULL, NULL, 'Digital', false, '1983', 'PG', NULL, '117'),
('Star Wars Episode VII: The Force Awakens', NULL, NULL, 'DVD', false, '2015', 'PG-13', NULL, '117'),
('Star Wars Episode VII: The Force Awakens', NULL, NULL, 'Blu-ray', false, '2015', 'PG-13', NULL, '117'),
('Star Wars Episode VII: The Force Awakens', NULL, NULL, 'Digital', false, '2015', 'PG-13', NULL, '117'),
('Star Wars Episode VIII: The Last Jedi', NULL, NULL, 'DVD', false, '2017', 'PG-13', NULL, '117'),
('Star Wars Episode VIII: The Last Jedi', NULL, NULL, 'Blu-ray', false, '2017', 'PG-13', NULL, '117'),
('Star Wars Episode VIII: The Last Jedi', NULL, NULL, 'Digital', false, '2017', 'PG-13', NULL, '117'),
('Star Wars: The Clone Wars', NULL, NULL, 'DVD', false, '2008', 'PG', NULL, '117'),
('Star Wars: The Clone Wars', NULL, NULL, 'Blu-ray', false, '2008', 'PG', NULL, '117'),
('Star Wars: The Clone Wars', NULL, NULL, 'Digital', false, '2008', 'PG', NULL, '117'),
('Terminator 2: Judgment Day', NULL, NULL, 'DVD', true, '1991', 'R', NULL, '100'),
('Terminator 2: Judgment Day', NULL, NULL, 'Blu-ray', true, '1991', 'R', NULL, '100'),
('Terminator 2: Judgment Day', NULL, NULL, 'Digital', true, '1991', 'R', NULL, '100'),
('Terminator 3: Rise of the Machines', NULL, NULL, 'DVD', true, '2003', 'R', NULL, '100'),
('Terminator 3: Rise of the Machines', NULL, NULL, 'Blu-ray', true, '2003', 'R', NULL, '100'),
('Terminator 3: Rise of the Machines', NULL, NULL, 'Digital', true, '2003', 'R', NULL, '100'),
('Terminator Salvation', NULL, NULL, 'DVD', true, '2009', 'R', NULL, '100'),
('Terminator Salvation', NULL, NULL, 'Blu-ray', true, '2009', 'R', NULL, '100'),
('Terminator Salvation', NULL, NULL, 'Digital', true, '2009', 'R', NULL, '100'),
('The Amazing Spider-Man', NULL, NULL, 'DVD', false, '2012', 'PG-13', NULL, '120'),
('The Amazing Spider-Man', NULL, NULL, 'Blu-ray', false, '2012', 'PG-13', NULL, '120'),
('The Amazing Spider-Man', NULL, NULL, 'Digital', false, '2012', 'PG-13', NULL, '120'),
('The Amazing Spider-Man 2', NULL, NULL, 'DVD', false, '2014', 'PG-13', NULL, '120'),
('The Amazing Spider-Man 2', NULL, NULL, 'Blu-ray', false, '2014', 'PG-13', NULL, '120'),
('The Amazing Spider-Man 2', NULL, NULL, 'Digital', false, '2014', 'PG-13', NULL, '120'),
('The Avengers', NULL, NULL, 'DVD', false, '2012', 'PG-13', NULL, '120'),
('The Avengers', NULL, NULL, 'Blu-ray', false, '2012', 'PG-13', NULL, '120'),
('The Avengers', NULL, NULL, 'Digital', false, '2012', 'PG-13', NULL, '120'),
('The Beatles: Eight Days a Week', NULL, NULL, 'DVD', false, '2016', 'Not Rated', NULL, '106'),
('The Beatles: Eight Days a Week', NULL, NULL, 'Blu-ray', false, '2016', 'Not Rated', NULL, '106'),
('The Dark Knight', '2020-10-16', '2020-10-30', 'Blu-ray', false, '2008', 'PG-13', '294051144258', '120'),
('The Dark Knight', NULL, NULL, 'DVD', false, '2008', 'PG-13', NULL, '120'),
('The Hobbit: An Unexpected Journey', NULL, NULL, 'DVD', false, '2012', 'PG-13', NULL, '109'),
('The Hobbit: An Unexpected Journey', NULL, NULL, 'Blu-ray', false, '2012', 'PG-13', NULL, '109'),
('The Hobbit: The Battle of the Five Armies', NULL, NULL, 'DVD', false, '2014', 'PG-13', NULL, '109'),
('The Hobbit: The Battle of the Five Armies', NULL, NULL, 'Blu-ray', false, '2014', 'PG-13', NULL, '109'),
('The Hobbit: The Desolation of Smaug', NULL, NULL, 'DVD', false, '2013', 'PG-13', NULL, '109'),
('The Hobbit: The Desolation of Smaug', NULL, NULL, 'Blu-ray', false, '2013', 'PG-13', NULL, '109'),
('The Hunger Games', NULL, NULL, 'DVD', false, '2012', 'PG-13', NULL, '100'),
('The Hunger Games', NULL, NULL, 'Blu-ray', false, '2012', 'PG-13', NULL, '100'),
('The Hunger Games', NULL, NULL, 'Digital', false, '2012', 'PG-13', NULL, '100'),
('The Hunger Games: Catching Fire', NULL, NULL, 'DVD', false, '2013', 'PG-13', NULL, '100'),
('The Hunger Games: Catching Fire', NULL, NULL, 'Blu-ray', false, '2013', 'PG-13', NULL, '100'),
('The Hunger Games: Catching Fire', NULL, NULL, 'Digital', false, '2013', 'PG-13', NULL, '100'),
('The Hunger Games: Mockingjay Part 1', NULL, NULL, 'DVD', false, '2014', 'PG-13', NULL, '100'),
('The Hunger Games: Mockingjay Part 1', NULL, NULL, 'Blu-ray', false, '2014', 'PG-13', NULL, '100'),
('The Hunger Games: Mockingjay Part 1', NULL, NULL, 'Digital', false, '2014', 'PG-13', NULL, '100'),
('The Hunger Games: Mockingjay Part 2', NULL, NULL, 'DVD', false, '2015', 'PG-13', NULL, '100'),
('The Hunger Games: Mockingjay Part 2', NULL, NULL, 'Blu-ray', false, '2015', 'PG-13', NULL, '100'),
('The Hunger Games: Mockingjay Part 2', NULL, NULL, 'Digital', false, '2015', 'PG-13', NULL, '100'),
('The Iron Giant', '2020-10-15', '2020-10-29', 'DVD', false, '1999', 'PG', '368975792811', '108'),
('The Iron Giant', NULL, NULL, 'Blu-ray', false, '1999', 'PG', NULL, '108'),
('The Iron Giant', NULL, NULL, 'Digital', false, '1999', 'PG', NULL, '108'),
('The Jungle Book', '2020-09-28', '2020-10-12', 'DVD', false, '1967', 'G', '812958120357', '108'),
('The Jungle Book', NULL, NULL, 'Blu-ray', false, '1967', 'G', NULL, '108'),
('The Jungle Book', NULL, NULL, 'Digital', false, '1967', 'G', NULL, '108'),
('The Land Before Time', '2020-9-28', '2020-10-12', 'DVD', false, '1978', 'G', '279893236088', '108'),
('The Land Before Time', NULL, NULL, 'Blu-ray', false, '1978', 'G', NULL, '108'),
('The Land Before Time', NULL, NULL, 'Digital', false, '1978', 'G', NULL, '108'),
('The Lion King', NULL, NULL, 'DVD', false, '1994', 'G', NULL, '108'),
('The Lion King', NULL, NULL, 'Blu-ray', false, '1994', 'G', NULL, '108'),
('The Litte Mermaid', NULL, NULL, 'DVD', false, '1989', 'G', NULL, '108'),
('The Litte Mermaid', NULL, NULL, 'Blu-ray', false, '1989', 'G', NULL, '108'),
('The Lord of the Rings: The Fellowship of the Ring', NULL, NULL, 'DVD', false, '2001', 'PG-13', NULL, '109'),
('The Lord of the Rings: The Fellowship of the Ring', NULL, NULL, 'Blu-ray', false, '2001', 'PG-13', NULL, '109'),
('The Lord of the Rings: The Fellowship of the Ring', NULL, NULL, 'Digital', false, '2001', 'PG-13', NULL, '109'),
('The Lord of the Rings: The Return of the King', NULL, NULL, 'DVD', false, '2003', 'PG-13', NULL, '109'),
('The Lord of the Rings: The Return of the King', NULL, NULL, 'Blu-ray', false, '2003', 'PG-13', NULL, '109'),
('The Lord of the Rings: The Return of the King', NULL, NULL, 'Digital', false, '2003', 'PG-13', NULL, '109'),
('The Lord of the Rings: The Two Towers', NULL, NULL, 'DVD', false, '2002', 'PG-13', NULL, '109'),
('The Lord of the Rings: The Two Towers', NULL, NULL, 'Blu-ray', false, '2002', 'PG-13', NULL, '109'),
('The Lord of the Rings: The Two Towers', NULL, NULL, 'Digital', false, '2002', 'PG-13', NULL, '109'),
('The Mummy', NULL, NULL, 'DVD', false, '1999', 'PG-13', NULL, '101'),
('The Mummy', NULL, NULL, 'Blu-ray', false, '1999', 'PG-13', NULL, '101'),
('The Mummy Returns', NULL, NULL, 'DVD', false, '2001', 'PG-13', NULL, '101'),
('The Mummy Returns', NULL, NULL, 'Blu-ray', false, '2001', 'PG-13', NULL, '101'),
('The Mummy: Tomb of the Dragon Emperor', NULL, NULL, 'DVD', false, '2008', 'PG-13', NULL, '101'),
('The Mummy: Tomb of the Dragon Emperor', NULL, NULL, 'Blu-ray', false, '2008', 'PG-13', NULL, '101'),
('The Right Stuff', '2020-9-30', '2020-10-14', 'DVD', false, '1983', 'PG', '724098502382', '111'),
('The Right Stuff', NULL, NULL, 'Blu-ray', false, '1983', 'PG', NULL, '111'),
('The Right Stuff', NULL, NULL, 'Digital', false, '1983', 'PG', NULL, '111'),
('The Ring', NULL, NULL, 'DVD', true, '2002', 'PG-13', NULL, '112'),
('The Ring', NULL, NULL, 'Blu-ray', true, '2002', 'PG-13', NULL, '112'),
('The Secret of NIMH', NULL, NULL, 'DVD', false, '1982', 'G', NULL, '108'),
('The Secret of NIMH', NULL, NULL, 'Blu-ray', false, '1982', 'G', NULL, '108'),
('The Shawshank Redemption', NULL, NULL, 'DVD', true, '1994', 'R', NULL, '105'),
('The Shawshank Redemption', NULL, NULL, 'Blu-ray', true, '1994', 'R', NULL, '105'),
('The Sound of Music', '2020-9-28', '2020-10-12', 'DVD', false, '1965', 'G', '160316518797', '114'),
('The Sound of Music', NULL, NULL, 'Blu-ray', false, '1965', 'G', NULL, '114'),
('The Sound of Music', NULL, NULL, 'Digital', false, '1965', 'G', NULL, '114'),
('The Speed Cubers', NULL, NULL, 'DVD', false, '2020', 'Not Rated', NULL, '106'),
('The Speed Cubers', NULL, NULL, 'Blu-ray', false, '2020', 'Not Rated', NULL, '106'),
('The Terminator', '2020-9-29', '2020-10-13', 'DVD', true, '1984', 'R', '486437364595', '100'),
('The Terminator', NULL, NULL, 'Blu-ray', true, '1984', 'R', NULL, '100'),
('The Terminator', NULL, NULL, 'Digital', true, '1984', 'R', NULL, '100'),
('Thor', NULL, NULL, 'DVD', false, '2011', 'PG-13', NULL, '120'),
('Thor', NULL, NULL, 'Blu-ray', false, '2011', 'PG-13', NULL, '120'),
('Thor', NULL, NULL, 'Digital', false, '2011', 'PG-13', NULL, '120'),
('Thor: Ragnarok', NULL, NULL, 'DVD', false, '2017', 'PG-13', NULL, '120'),
('Thor: Ragnarok', NULL, NULL, 'Blu-ray', false, '2017', 'PG-13', NULL, '120'),
('Thor: Ragnarok', NULL, NULL, 'Digital', false, '2017', 'PG-13', NULL, '120'),
('Thor: The Dark World', NULL, NULL, 'DVD', false, '2013', 'PG-13', NULL, '120'),
('Thor: The Dark World', NULL, NULL, 'Blu-ray', false, '2013', 'PG-13', NULL, '120'),
('Thor: The Dark World', NULL, NULL, 'Digital', false, '2013', 'PG-13', NULL, '120'),
('Titanic', NULL, NULL, 'Blu-ray', false, '1997', 'PG-13', NULL, '116'),
('Titanic', NULL, NULL, 'DVD', false, '1997', 'PG-13', NULL, '116'),
('To Kill a Mockingbird', NULL, NULL, 'DVD', false, '1962', 'Not Rated', NULL, '105'),
('To Kill a Mockingbird', NULL, NULL, 'Blu-ray', false, '1962', 'Not Rated', NULL, '105'),
('To Kill a Mockingbird', NULL, NULL, 'Digital', false, '1962', 'Not Rated', NULL, '105'),
('Unforgiven', NULL, NULL, 'DVD', true, '1992', 'R', NULL, '123'),
('Unforgiven', NULL, NULL, 'Blu-ray', true, '1992', 'R', NULL, '123'),
('Up', '2020-9-30', '2020-10-14', 'Blu-ray', false, '2009', 'PG', '286743336269', '108'),
('Up', NULL, NULL, 'DVD', false, '2009', 'PG', NULL, '108'),
('Up', NULL, NULL, 'Digital', false, '2009', 'PG', NULL, '108'),
('When Harry Met Sally', NULL, NULL, 'DVD', true, '1989', 'R', NULL, '104'),
('When Harry Met Sally', NULL, NULL, 'Blu-ray', true, '1989', 'R', NULL, '104'),
('Wonder Woman', '2020-10-15', '2020-10-29', 'Blu-ray', false, '2017', 'PG-13', '195290944622', '120'),
('Wonder Woman', NULL, NULL, 'DVD', false, '2017', 'PG-13', NULL, '120');